{"foodbakery_user_dashboard_switchs":"on","foodbakery_publisher_dashboard":"617","foodbakery_publisher_dashboard_pagination":"6","foodbakery_package_page":"619","foodbakery_login_page":"1042","foodbakery_hedaer_location_switch":"off","foodbakery_default_locations_list":["acle","cheshire","crewe","devon","england"],"foodbakery_hedaer_restaurant_switch":"off","default_cousins_list":["apple-juice","bb-q","beef-roast","carrot-juice","cheese-burger","chicken-roast","chines-soup","cold-coffee","cold-drink","cupcake","doughnut","drum-stick","egg-fry","fish-fry","fresh-juice","hot-dogs","ice-cream","magi","noodles","pastry","pizza","potato-fries","prawns","sham-pane","shawarma","soda-water","stakes","steam-roast","tea"],"foodbakery_header_buton_switch":"on","foodbakery_header_button_title":"Register","foodbakery_header_button_url":"http:\/\/serverwp\/old-foodbakery-data-unit\/register-user-and-add-restaurant\/","foodbakery_sent_email_logs":"off","foodbakery_free_restaurants_switch":"off","foodbakery_restaurant_default_expiry":"15","foodbakery_restaurant_cover_image":"24","foodbakery_restaurant_cover_pading_top":"","foodbakery_restaurant_cover_pading_botom":"","foodbakery_search_result_page":"1026","foodbakery_restaurants_review_option":"off","foodbakery_cs_terms_condition_check":"on","cs_terms_condition":"221","foodbakery_announce_bg_color":"#1e73be","foodbakery_dashboard_announce_title":"Welcome to your account","foodbakery_dashboard_announce_description":"My Account gives you quick access to settings and tools for managing your Account like [Change address] and [Change password] . You can [manage Orders] Booking, and access even more [Shortlists] and [Statements] and may more.","foodbakery_restaurant_announce_bg_color":"#1e73be","foodbakery_restaurant_dashboard_announce_title":"Welcome to your Restaurant.","foodbakery_restaurant_dashboard_announce_description":"Restaurant Dashboard gives you quick access to settings and tools for managing your Account like [Change address] and [Change password] . You can [manage Restaurant] Build Menu , Manage Orders, Bookings, Reviews, Memberships, Withdrawals, Earnings, Statements,  Change Password, Location and  if you are you Restaurant Owner can also  [Manage Team]. ","foodbakery_use_smtp_mail":"on","foodbakery_gmail_mail":"off","foodbakery_use_smtp_auth":"on","foodbakery_smtp_host":"mail.pixfill.com","foodbakery_smtp_port":"465","foodbakery_secure_connection_type":"ssl","foodbakery_smtp_username":"addy@pixfill.com","foodbakery_smtp_password":"chimp786@","foodbakery_wordwrap_length":"100","foodbakery_smtp_debugging":"on","foodbakery_smtp_sender_email":"addy@pixfill.com","foodbakery_sender_name":"No Reply","foodbakery_publisher_review_option":"on","foodbakery_profile_images_ids":["2570","2571","2572","2573","2574","2575","2576","2577","2578","2579","2580","2581","2582","2583"],"foodbakery_profile_images_num":"14","foodbakery_default_placeholder_image":"2115","foodbakery_base_currency":"GNF","foodbakery_vat_switch":"on","foodbakery_payment_vat":"13","foodbakery_use_woocommerce_gateway":"on","foodbakery_paypal_gateway_logo":"2942","foodbakery_paypal_gateway_status":"on","foodbakery_paypal_sandbox":"on","foodbakery_paypal_email":"business@chimpgroup.com","foodbakery_dir_paypal_ipn_url":"http:\/\/foodbakery.chimpgroup.com\/wp-content\/plugins\/wp-foodbakery\/payments\/listner.php","foodbakery_authorizedotnet_gateway_logo":"2940","foodbakery_authorizedotnet_gateway_status":"on","foodbakery_authorizenet_sandbox":"on","foodbakery_authorizenet_login":"","foodbakery_authorizenet_transaction_key":"","foodbakery_dir_authorizenet_ipn_url":"http:\/\/foodbakery.chimpgroup.com\/wp-content\/plugins\/wp-foodbakery\/payments\/listner.php","foodbakery_pre_bank_transfer_logo":"2941","foodbakery_pre_bank_transfer_status":"on","foodbakery_bank_information":"","foodbakery_bank_account_id":"","foodbakery_other_information":"","foodbakery_skrill_gateway_logo":"2943","foodbakery_skrill_gateway_status":"on","foodbakery_skrill_email":"","foodbakery_skrill_ipn_url":"http:\/\/foodbakery.chimpgroup.com\/wp-content\/plugins\/wp-foodbakery\/payments\/listner.php","foodbakery_map_marker_icon":"3256","foodbakery_map_cluster_icon":"","foodbakery_map_zoom_level":"9","foodbakery_def_map_style":"map-box","foodbakery_post_loc_address":"","foodbakery_post_loc_latitude":"51.5073509","foodbakery_post_loc_longitude":"-0.12775829999998223","foodbakery_locations_levels":["country","state","city"],"foodbakery_map_geo_location":"on","foodbakery_map_auto_country_detection":"on","foodbakery_map_address_maximum_text_limit":"10","foodbakery_drawing_tools":"on","foodbakery_drawing_tools_line_color":"#000000","foodbakery_drawing_tools_fill_color":"#000000","foodbakery_location_autocomplete":"on","foodbakery_default_radius_circle":"10","locations_fields_selector":["country","state","city"],"foodbakery_twitter_autopost_switch":"on","foodbakery_facebook_autopost_switch":"on","foodbakery_linkedin_autopost_switch":"on","foodbakery_twitter_api_switch":"on","foodbakery_facebook_login_switch":"on","foodbakery_google_login_switch":"on","foodbakery_consumer_key":"5G3hNj5jFBVkw1F8m7NJvUXot","foodbakery_consumer_secret":"ApPk616EcVuVEocBw5YN1z579po2eM8VfQb3DoBuHqNgDmtj1d","foodbakery_access_token":"1586267012-bilMDIdCgFhwHcwLInMQnHTcLRBAPJmNLBsiAsL","foodbakery_access_token_secret":"v49lqSMC3KOE92yCXdFNaZcDogCMfD3zTlclEjqMjhkny","foodbakery_facebook_app_id":"1168292993253842","foodbakery_facebook_secret":"fdfd9e8bc02c7dc80032b4a7191f5156","foodbakery_facebook_access_token":"EAAQmjmjbQdIBAHYsTIZCFDAdQ3oGDeKVdQf7BLkxjvuTLKvYj8n3cU6hZBlgHw651xsKPVWtLpTpZCfjlGxamMZApwc0qjoJ4BbRhV9xzUk5za9nxyRLqcQR7zFwZCWU7lIcS8zbbaZBn4PjJ0WsEJZC0Von639EFAZD","foodbakery_google_client_id":"307125859622-ovoqs7k7d9khob282n8e7qe422nriu1i.apps.googleusercontent.com","foodbakery_google_client_secret":"OxU9y4a29G8rsMWNLAxZy68m","foodbakery_google_api_key":"AIzaSyCpluMF--WqauCdpcrmYy94-RfC17QmPAs","foodbakery_google_login_redirect_url":"http:\/\/foodbakery.chimpgroup.com\/wp-login.php?loginGoogle=1","foodbakery_captcha_switch":"off","foodbakery_sitekey":"6LfoFgsUAAAAAP_o9aUl2oIyvocDwZrBdrhqlqWo","foodbakery_secretkey":"6LfoFgsUAAAAADYzB6NGqDO47XO3EOqrr4iB0ors","foodbakery_linkedin_app_id":"77safjizu71fbz","foodbakery_linkedin_secret":"KOefThtJ53At0Bgo","foodbakery_linkedin_access_token":"AQVe4uMeHDh1mwFobAoN9VYC_jN-HqD1O5j1jQEx50XJ2dHCkgS6A1dcXF3E9wfXFs-DgWgVZlm29Uw2yMFJ5CAopHIp9SpMWRBy9TNLFpxCypz5zgXK0nNHY_2C1mGkApXLBsqgo22FGuHfkb-PBwCu8YinULZMshX5aMJmzYSYzOeGOd0","banner_title_input":"","banner_style_input":"top_banner","banner_type_input":"image","foodbakery_banner_field_image":"","banner_field_url_input":"","banner_target_input":"_self","adsense_code_input":[""],"foodbakery_banner_title":["Test2"],"foodbakery_banner_style":["top_banner"],"foodbakery_banner_type":["image"],"foodbakery_banner_image_array":["2280"],"foodbakery_banner_field_url":["#"],"foodbakery_banner_target":["_self"],"foodbakery_banner_adsense_code":[""],"foodbakery_banner_field_code_no":["614495"],"foodbakery_social_share":"on","foodbakery_facebook_share":"on","foodbakery_twitter_share":"on","foodbakery_google_plus_share":"on","foodbakery_pintrest_share":"on","foodbakery_tumblr_share":"off","foodbakery_dribbble_share":"off","foodbakery_instagram_share":"off","foodbakery_stumbleupon_share":"off","foodbakery_youtube_share":"off","foodbakery_share_share":"on","foodbakery_":"","_wpnonce-cs-import-users-page":"e41b9e56b6","_wp_http_referer":"\/old-foodbakery-data-unit\/wp-admin\/admin.php?page=foodbakery_settings","_wpnonce-cs-export-users-page":"5c9bc468e7","foodbakery_restaurant_success_image":"3185","foodbakery_restaurant_success_message":"You have successfully created your restaurant, to add more details, go to your email inbox for login details.","foodbakery_restaurant_success_phone":"+1 301 1213 1216","foodbakery_restaurant_success_fax":"+1 202 3239 1216","foodbakery_restaurant_success_email":"info@example.com","foodbakery_demo_user_login_switch":"on","foodbakery_demo_user_modification_allowed_switch":"on","foodbakery_job_demo_user_publisher":"79","foodbakery_demo_user_buyer":"77","foodbakery_style-custom-css":"","orders_color":["#1e73be","#ba2e5d","#047a06"],"orders_status":["Processing","Cancelled","Completed"],"booking_status_color":["#1e73be","#ba2e5d","#047a06"],"booking_status":["Processing","Cancelled","Completed"],"action":"plugin_option_save","foodbakery_linkedin_app_redirect_uri":"http:\/\/serverwp\/old-foodbakery-data-unit","foodbakery_extra_features_options":[],"foodbakery_packages_options":[],"foodbakery_cv_pkgs_options":[],"foodbakery_feats_options":[],"foodbakery_safetytext_options":[],"foodbakery_dyn_reviews_options":[],"foodbakery_job_cus_fields":[],"foodbakery_candidate_cus_fields":false,"foodbakery_emp_cus_fields":false}